Format,Opposition,Half-Centuries,Centuries
ODI,v Africa XI,0,11
ODI,v Australia,11,26
ODI,v Bangladesh,21,22
ODI,v England,10,17
ODI,v Hong Kong,0,16
ODI,v New Zealand,7,33
ODI,v Pakistan,9,27
ODI,v South Africa,40,25
ODI,v Sri Lanka,19,12
ODI,v West Indies,8,26
ODI,v Zimbabwe,3,11
T20,v England,10,52
T20,v South Africa,10,43
Test,v Australia,50,27
Test,v Bangladesh,20,12
Test,v England,120,11
Test,v New Zealand,60,49
Test,v Pakistan,21,33
Test,v South Africa,21,31
Test,v Sri Lanka,22,25
Test,v West Indies,21,81
