,Column Labels,,,,,,,,,,,,,,,,,
Row Labels,v Afghanistan,v Africa XI,v Australia,v Bangladesh,v Bermuda,v England,v Hong Kong,v Ireland,v Netherlands,v New Zealand,v Pakistan,v Scotland,v South Africa,v Sri Lanka,v U.A.E.,v West Indies,v Zimbabwe,Grand Total
Format's_Runs,,,,,,,,,,,,,,,,,,
ODI,36,174,1660,569,29,1546,109,34,19,940,1231,0,830,2383,0,1005,208,10773
T20,33,,313,89,,296,,25,,223,93,0,204,213,0,100,28,1617
Test,,,990,193,,1157,,,,599,323,,647,491,,476,,4876
Matchs,,,,,,,,,,,,,,,,,,
ODI,2,3,55,21,1,48,2,2,1,28,36,1,37,67,1,39,6,350
T20,2,,17,5,,14,,2,,11,8,1,13,14,1,7,3,98
Test,,,37,5,,41,,,,16,9,,22,14,,20,,164
Total Format's_Runs,69,174,2963,851,29,2999,109,59,19,1762,1647,0,1681,3087,0,1581,236,17266
Total Matchs,4,3,109,31,1,103,2,4,1,55,53,2,72,95,2,66,9,612
